{"cameraMode":{"drawMode":0,"name":"Shaded","section":"Shading Mode"},"sceneLighting":false,"audioPlay":false,"sceneViewState":{"m_AlwaysRefresh":true,"showFog":true,"showSkybox":false,"showFlares":true,"showImageEffects":true,"showParticleSystems":true,"showVisualEffectGraphs":true,"m_FxEnabled":true},"in2DMode":false,"pivot":{"x":0.9529869556427002,"y":0.24810338020324708,"z":1.0122275352478028},"rotation":{"x":0.32300180196762087,"y":0.10194528102874756,"z":-0.03501633554697037,"w":0.9402440190315247},"size":4.199999809265137,"orthographic":false}