{"cameraMode":{"drawMode":0,"name":"Shaded","section":"Shading Mode"},"sceneLighting":false,"audioPlay":false,"sceneViewState":{"m_AlwaysRefresh":true,"showFog":true,"showSkybox":false,"showFlares":true,"showImageEffects":true,"showParticleSystems":true,"showVisualEffectGraphs":true,"m_FxEnabled":true},"in2DMode":false,"pivot":{"x":0.4496755003929138,"y":0.4981652796268463,"z":0.0001773834228515625},"rotation":{"x":0.2261655032634735,"y":-0.10496407002210617,"z":0.02452130988240242,"w":0.9681076407432556},"size":7.1632890701293949,"orthographic":true}