{"cameraMode":{"drawMode":0,"name":"Shaded","section":"Shading Mode"},"sceneLighting":false,"audioPlay":false,"sceneViewState":{"m_AlwaysRefresh":true,"showFog":true,"showSkybox":false,"showFlares":true,"showImageEffects":true,"showParticleSystems":true,"showVisualEffectGraphs":true,"m_FxEnabled":true},"in2DMode":false,"pivot":{"x":-0.40845346450805666,"y":-0.014280319213867188,"z":0.3952808380126953},"rotation":{"x":-0.10391043871641159,"y":0.8923381567001343,"z":-0.26221680641174319,"w":-0.3527398705482483},"size":4.466025352478027,"orthographic":false}