{"cameraMode":{"drawMode":0,"name":"Shaded","section":"Shading Mode"},"sceneLighting":true,"audioPlay":false,"sceneViewState":{"m_AlwaysRefresh":true,"showFog":true,"showSkybox":false,"showFlares":true,"showImageEffects":true,"showParticleSystems":true,"showVisualEffectGraphs":true,"m_FxEnabled":true},"in2DMode":false,"pivot":{"x":0.46590059995651247,"y":-0.042070627212524417,"z":0.20512712001800538},"rotation":{"x":0.5647321343421936,"y":-0.27782002091407778,"z":0.20967216789722444,"w":0.7482907176017761},"size":1.4424872398376465,"orthographic":false}