{"cameraMode":{"drawMode":0,"name":"Shaded","section":"Shading Mode"},"sceneLighting":false,"audioPlay":false,"sceneViewState":{"m_AlwaysRefresh":true,"showFog":true,"showSkybox":false,"showFlares":true,"showImageEffects":true,"showParticleSystems":true,"showVisualEffectGraphs":true,"m_FxEnabled":true},"in2DMode":false,"pivot":{"x":0.36933207511901858,"y":0.6854475736618042,"z":0.22394824028015138},"rotation":{"x":0.1618167906999588,"y":-0.38813045620918276,"z":0.06942523270845413,"w":0.9046503305435181},"size":0.7332760691642761,"orthographic":false}