{"cameraMode":{"drawMode":0,"name":"Shaded","section":"Shading Mode"},"sceneLighting":false,"audioPlay":false,"sceneViewState":{"m_AlwaysRefresh":true,"showFog":true,"showSkybox":false,"showFlares":true,"showImageEffects":true,"showParticleSystems":true,"showVisualEffectGraphs":true,"m_FxEnabled":true},"in2DMode":false,"pivot":{"x":8.709493637084961,"y":-0.31243038177490237,"z":7.991428852081299},"rotation":{"x":0.5171931982040405,"y":0.17815075814723969,"z":-0.11104714870452881,"w":0.8297255635261536},"size":0.8660253882408142,"orthographic":false}