{"cameraMode":{"drawMode":0,"name":"Shaded","section":"Shading Mode"},"sceneLighting":false,"audioPlay":false,"sceneViewState":{"m_AlwaysRefresh":true,"showFog":true,"showSkybox":false,"showFlares":true,"showImageEffects":true,"showParticleSystems":true,"showVisualEffectGraphs":true,"m_FxEnabled":true},"in2DMode":false,"pivot":{"x":0.38435322046279909,"y":1.1897521018981934,"z":-0.14578482508659364},"rotation":{"x":0.14090801775455476,"y":-0.2894582748413086,"z":0.04312508553266525,"w":0.9457801580429077},"size":1.8682804107666016,"orthographic":true}