{"cameraMode":{"drawMode":0,"name":"Shaded","section":"Shading Mode"},"sceneLighting":false,"audioPlay":false,"sceneViewState":{"m_AlwaysRefresh":true,"showFog":true,"showSkybox":false,"showFlares":true,"showImageEffects":true,"showParticleSystems":true,"showVisualEffectGraphs":true,"m_FxEnabled":true},"in2DMode":false,"pivot":{"x":0.25854814052581789,"y":-0.23627328872680665,"z":0.25657373666763308},"rotation":{"x":0.3482913672924042,"y":-0.4327925443649292,"z":0.18599797785282136,"w":0.8104261755943298},"size":1.570390224456787,"orthographic":false}