{"cameraMode":{"drawMode":0,"name":"Shaded","section":"Shading Mode"},"sceneLighting":true,"audioPlay":false,"sceneViewState":{"showFog":true,"showMaterialUpdate":true,"showSkybox":true,"showFlares":true,"showImageEffects":true,"showParticleSystems":true},"in2DMode":false,"pivot":{"x":5.749118328094482,"y":-6.855151176452637,"z":0.25692081451416018},"rotation":{"x":-0.20652061700820924,"y":0.793479323387146,"z":-0.4055594205856323,"w":-0.4040592312812805},"size":2.700026035308838,"orthographic":false}