{"cameraMode":{"drawMode":0,"name":"Shaded","section":"Shading Mode"},"sceneLighting":false,"audioPlay":false,"sceneViewState":{"showFog":false,"showMaterialUpdate":false,"showSkybox":false,"showFlares":false,"showImageEffects":false,"showParticleSystems":false},"in2DMode":false,"pivot":{"x":-0.3391183018684387,"y":0.5697377920150757,"z":-0.2789078950881958},"rotation":{"x":0.23420453071594239,"y":0.3836427628993988,"z":-0.10123562812805176,"w":0.8875373601913452},"size":1.29099440574646,"orthographic":false}