{"cameraMode":{"drawMode":0,"name":"Shaded","section":"Shading Mode"},"sceneLighting":true,"audioPlay":false,"sceneViewState":{"showFog":true,"showMaterialUpdate":true,"showSkybox":true,"showFlares":true,"showImageEffects":true,"showParticleSystems":true},"in2DMode":false,"pivot":{"x":12.49178409576416,"y":1.830958366394043,"z":9.212821960449219},"rotation":{"x":0.22863106429576875,"y":0.09909708052873612,"z":-0.02340155467391014,"w":0.9681758284568787},"size":27.52165985107422,"orthographic":false}