{"cameraMode":{"drawMode":0,"name":"Shaded","section":"Shading Mode"},"sceneLighting":true,"audioPlay":false,"sceneViewState":{"showFog":false,"showMaterialUpdate":false,"showSkybox":false,"showFlares":false,"showImageEffects":false,"showParticleSystems":false},"in2DMode":false,"pivot":{"x":-0.42284679412841799,"y":-0.3281747102737427,"z":1.0963764190673829},"rotation":{"x":0.10212808847427368,"y":-0.6144632697105408,"z":0.08064579963684082,"w":0.7781450748443604},"size":4.066381931304932,"orthographic":false}