{"cameraMode":{"drawMode":0,"name":"Shaded","section":"Shading Mode"},"sceneLighting":false,"audioPlay":false,"sceneViewState":{"showFog":true,"showMaterialUpdate":true,"showSkybox":false,"showFlares":true,"showImageEffects":true,"showParticleSystems":true},"in2DMode":false,"pivot":{"x":0.0004284381866455078,"y":0.21651530265808106,"z":0.0011713504791259766},"rotation":{"x":0.1749511957168579,"y":-0.7437973022460938,"z":0.213799849152565,"w":0.6086444854736328},"size":1.8659218549728394,"orthographic":false}