{"cameraMode":{"drawMode":0,"name":"Shaded","section":"Shading Mode"},"sceneLighting":false,"audioPlay":false,"sceneViewState":{"showFog":true,"showMaterialUpdate":true,"showSkybox":false,"showFlares":true,"showImageEffects":true,"showParticleSystems":true},"in2DMode":false,"pivot":{"x":0.2649107873439789,"y":0.4145512580871582,"z":-0.5158094167709351},"rotation":{"x":0.24922646582126618,"y":-0.1689145416021347,"z":0.04419384151697159,"w":0.9525765180587769},"size":1.6746281385421754,"orthographic":false}