{"cameraMode":{"drawMode":0,"name":"Shaded","section":"Shading Mode"},"sceneLighting":false,"audioPlay":false,"sceneViewState":{"showFog":false,"showMaterialUpdate":false,"showSkybox":false,"showFlares":false,"showImageEffects":false,"showParticleSystems":false},"in2DMode":false,"pivot":{"x":0.0,"y":-0.5001064538955689,"z":-0.00004315376281738281},"rotation":{"x":0.23571482300758363,"y":-0.38871368765830996,"z":0.10357141494750977,"w":0.8846561908721924},"size":1.5000587701797486,"orthographic":false}