{"cameraMode":{"drawMode":0,"name":"Shaded","section":"Shading Mode"},"sceneLighting":false,"audioPlay":false,"sceneViewState":{"showFog":true,"showMaterialUpdate":true,"showSkybox":false,"showFlares":true,"showImageEffects":true,"showParticleSystems":true},"in2DMode":false,"pivot":{"x":-4.210052967071533,"y":-0.06890907883644104,"z":-13.29005241394043},"rotation":{"x":0.3793191909790039,"y":0.08724159002304077,"z":-0.03595266118645668,"w":0.9204422235488892},"size":1.778576135635376,"orthographic":false}