{"cameraMode":{"drawMode":0,"name":"Shaded","section":"Shading Mode"},"sceneLighting":false,"audioPlay":false,"sceneViewState":{"showFog":true,"showMaterialUpdate":true,"showSkybox":false,"showFlares":true,"showImageEffects":true,"showParticleSystems":true},"in2DMode":false,"pivot":{"x":0.2197265625,"y":-0.1898193359375,"z":-0.05908203125},"rotation":{"x":0.276811420917511,"y":0.012971894815564156,"z":-0.0037372976075857879,"w":0.9608312249183655},"size":3.001114845275879,"orthographic":false}