{"cameraMode":{"drawMode":0,"name":"Shaded","section":"Shading Mode"},"sceneLighting":false,"audioPlay":false,"sceneViewState":{"showFog":true,"showMaterialUpdate":true,"showSkybox":false,"showFlares":true,"showImageEffects":true,"showParticleSystems":true},"in2DMode":false,"pivot":{"x":0.000052928924560546875,"y":-0.06890907883644104,"z":0.000052928924560546875},"rotation":{"x":0.11143548041582108,"y":0.3316168785095215,"z":-0.039481643587350848,"w":0.9359784126281738},"size":1.4785759449005128,"orthographic":false}