{"cameraMode":{"drawMode":0,"name":"Shaded","section":"Shading Mode"},"sceneLighting":false,"audioPlay":false,"sceneViewState":{"showFog":true,"showMaterialUpdate":true,"showSkybox":false,"showFlares":true,"showImageEffects":true,"showParticleSystems":true},"in2DMode":false,"pivot":{"x":0.0011713504791259766,"y":-0.4766756296157837,"z":0.0},"rotation":{"x":0.11463724821805954,"y":0.6560376286506653,"z":-0.10176775604486466,"w":0.738997757434845},"size":1.5090138912200928,"orthographic":false}