{"cameraMode":{"drawMode":0,"name":"Shaded","section":"Shading Mode"},"sceneLighting":false,"audioPlay":false,"sceneViewState":{"showFog":true,"showMaterialUpdate":true,"showSkybox":false,"showFlares":true,"showImageEffects":true,"showParticleSystems":true},"in2DMode":false,"pivot":{"x":-0.1482539176940918,"y":-0.08290886878967285,"z":-0.29374444484710696},"rotation":{"x":0.3605158030986786,"y":0.22206351161003114,"z":-0.08879750221967697,"w":0.9015716910362244},"size":2.6361541748046877,"orthographic":false}