{"cameraMode":{"drawMode":0,"name":"Shaded","section":"Shading Mode"},"sceneLighting":true,"audioPlay":false,"sceneViewState":{"showFog":false,"showMaterialUpdate":false,"showSkybox":false,"showFlares":false,"showImageEffects":false,"showParticleSystems":false},"in2DMode":false,"pivot":{"x":-0.1700000762939453,"y":2.3899993896484377,"z":-4.16058349609375},"rotation":{"x":0.1325274407863617,"y":-0.17301379144191743,"z":0.02350117824971676,"w":0.975680947303772},"size":21.90351676940918,"orthographic":false}