{"cameraMode":{"drawMode":0,"name":"Shaded","section":"Shading Mode"},"sceneLighting":true,"audioPlay":false,"sceneViewState":{"showFog":true,"showMaterialUpdate":true,"showSkybox":true,"showFlares":true,"showImageEffects":true,"showParticleSystems":true},"in2DMode":false,"pivot":{"x":0.0,"y":0.3212920129299164,"z":-0.038586318492889407},"rotation":{"x":0.38172706961631777,"y":-0.5228567123413086,"z":0.2818461060523987,"w":0.7081462144851685},"size":1.702840805053711,"orthographic":false}