{"cameraMode":{"drawMode":0,"name":"Shaded","section":"Shading Mode"},"sceneLighting":true,"audioPlay":false,"sceneViewState":{"showFog":false,"showMaterialUpdate":false,"showSkybox":false,"showFlares":false,"showImageEffects":false,"showParticleSystems":false},"in2DMode":false,"pivot":{"x":15.18574333190918,"y":-22.216032028198243,"z":-3.429046630859375},"rotation":{"x":0.26835450530052187,"y":-0.193424791097641,"z":0.055096980184316638,"w":0.9420920014381409},"size":60.94309616088867,"orthographic":false}