{"cameraMode":{"drawMode":0,"name":"Shaded","section":"Shading Mode"},"sceneLighting":true,"audioPlay":false,"sceneViewState":{"showFog":false,"showMaterialUpdate":false,"showSkybox":false,"showFlares":false,"showImageEffects":false,"showParticleSystems":false},"in2DMode":false,"pivot":{"x":4.07834005355835,"y":-3.1217546463012697,"z":2.5619335174560549},"rotation":{"x":0.2808346152305603,"y":0.04604645445942879,"z":-0.013490247540175915,"w":0.9585593938827515},"size":20.141597747802736,"orthographic":false}