{"cameraMode":{"drawMode":0,"name":"Shaded","section":"Shading Mode"},"sceneLighting":true,"audioPlay":false,"sceneViewState":{"showFog":true,"showMaterialUpdate":true,"showSkybox":true,"showFlares":true,"showImageEffects":true,"showParticleSystems":true},"in2DMode":false,"pivot":{"x":16.515085220336915,"y":3.408740997314453,"z":-1.4705314636230469},"rotation":{"x":0.24156038463115693,"y":-0.5533763766288757,"z":0.17172425985336305,"w":0.778423547744751},"size":4.352156639099121,"orthographic":false}