{"cameraMode":{"drawMode":0,"name":"Shaded","section":"Shading Mode"},"sceneLighting":false,"audioPlay":false,"sceneViewState":{"showFog":false,"showMaterialUpdate":false,"showSkybox":false,"showFlares":false,"showImageEffects":false,"showParticleSystems":false},"in2DMode":false,"pivot":{"x":0.025363922119140626,"y":0.9672607183456421,"z":0.0000553131103515625},"rotation":{"x":0.282208114862442,"y":-0.22883541882038117,"z":0.06950981914997101,"w":0.9290652275085449},"size":2.485093355178833,"orthographic":false}