{"cameraMode":{"drawMode":0,"name":"Shaded","section":"Shading Mode"},"sceneLighting":false,"audioPlay":false,"sceneViewState":{"showFog":true,"showMaterialUpdate":true,"showSkybox":false,"showFlares":true,"showImageEffects":true,"showParticleSystems":true},"in2DMode":false,"pivot":{"x":-4.210052967071533,"y":-0.06890907883644104,"z":-13.29005241394043},"rotation":{"x":0.3605158030986786,"y":0.22206351161003114,"z":-0.08879750221967697,"w":0.9015716910362244},"size":1.4785761833190919,"orthographic":false}