{"cameraMode":{"drawMode":0,"name":"Shaded","section":"Shading Mode"},"sceneLighting":true,"audioPlay":false,"sceneViewState":{"m_AlwaysRefresh":true,"showFog":true,"showSkybox":true,"showFlares":true,"showImageEffects":true,"showParticleSystems":true,"showVisualEffectGraphs":true,"m_FxEnabled":true},"in2DMode":false,"pivot":{"x":74.98438262939453,"y":-1.9382338523864747,"z":35.96162414550781},"rotation":{"x":-0.12204326689243317,"y":0.15623125433921815,"z":-0.019448915496468545,"w":-0.9799696207046509},"size":15.252923965454102,"orthographic":false}