{"cameraMode":{"drawMode":0,"name":"Shaded","section":"Shading Mode"},"sceneLighting":true,"audioPlay":false,"sceneViewState":{"m_AlwaysRefresh":true,"showFog":true,"showSkybox":true,"showFlares":true,"showImageEffects":true,"showParticleSystems":true,"showVisualEffectGraphs":true,"m_FxEnabled":true},"in2DMode":false,"pivot":{"x":3.0524826049804689,"y":-2.5954365730285646,"z":8.570135116577149},"rotation":{"x":0.31151264905929568,"y":-0.2686273753643036,"z":0.09228066354990006,"w":0.9068031907081604},"size":8.969785690307618,"orthographic":false}