{"cameraMode":{"drawMode":0,"name":"Shaded","section":"Shading Mode"},"sceneLighting":false,"audioPlay":false,"sceneViewState":{"m_AlwaysRefresh":true,"showFog":true,"showSkybox":false,"showFlares":true,"showImageEffects":true,"showParticleSystems":true,"showVisualEffectGraphs":true,"m_FxEnabled":true},"in2DMode":false,"pivot":{"x":0.013100624084472657,"y":-0.4929198622703552,"z":-0.01866459846496582},"rotation":{"x":0.41053667664527895,"y":-0.3018535375595093,"z":0.14614646136760713,"w":0.8479298949241638},"size":1.541474461555481,"orthographic":false}