{"cameraMode":{"drawMode":0,"name":"Shaded","section":"Shading Mode"},"sceneLighting":true,"audioPlay":false,"sceneViewState":{"m_AlwaysRefresh":true,"showFog":true,"showSkybox":false,"showFlares":true,"showImageEffects":true,"showParticleSystems":true,"showVisualEffectGraphs":true,"m_FxEnabled":true},"in2DMode":false,"pivot":{"x":0.09602832794189453,"y":-0.6548490524291992,"z":-0.012871980667114258},"rotation":{"x":-0.38430914282798769,"y":0.27979621291160586,"z":-0.12344233691692352,"w":-0.8710814714431763},"size":4.849742412567139,"orthographic":false}